id,arxiv_id,sent_id,category,sampling_stratum,n_tokens,n_candidate_mentions
ax001,2503.23659,2503.23659_s4,cs.LG,applied_to_task,48,3
ax002,2601.15239,2601.15239_s5,stat.ML,applied_to_task,29,2
ax003,2506.16313,2506.16313_s4,cs.LG,uses_component,39,4
ax004,2509.22028,2509.22028_s5,cs.LG,achieves_result,43,8
ax005,2505.18581,2505.18581_s0,cs.CL,uses_component,41,5
ax006,2504.19476,2504.19476_s2,stat.ML,filler:none,26,2
ax007,2608.20804,2608.20804_s5,cs.CL,achieves_result,19,2
ax008,2510.16776,2510.16776_s2,cs.CV,uses_component,25,2
ax009,2507.05311,2507.05311_s5,cs.IR,achieves_result,42,5
ax010,2505.03824,2505.03824_s8,cs.IR,outperforms,20,2
ax011,2608.12290,2608.12290_s8,cs.CV,outperforms,33,4
ax012,2607.15455,2607.15455_s6,stat.ML,uses_component,38,4
ax013,2510.09723,2510.09723_s1,cs.LG,evaluated_on,31,4
ax014,2602.01035,2602.01035_s0,cs.CV,none,38,3
ax015,2509.22023,2509.22023_s6,cs.LG,achieves_result,27,2
ax016,2507.20446,2507.20446_s3,cs.LG,applied_to_task,37,5
ax017,2504.06393,2504.06393_s3,cs.CL,builds_on,26,3
ax018,2508.13007,2508.13007_s6,cs.CV,outperforms,26,4
ax019,2606.02780,2606.02780_s6,cs.CL,evaluated_on,47,4
ax020,2606.09874,2606.09874_s0,cs.LG,none,29,2
ax021,2503.08121,2503.08121_s4,cs.CV,outperforms,37,3
ax022,2608.20532,2608.20532_s8,cs.LG,builds_on,27,3
ax023,2603.08287,2603.08287_s4,stat.ML,applied_to_task,41,2
ax024,2506.16742,2506.16742_s8,cs.CV,achieves_result,42,3
ax025,2605.11800,2605.11800_s3,cs.LG,builds_on,50,2
ax026,2603.08553,2603.08553_s0,stat.ML,none,24,3
ax027,2506.11999,2506.11999_s4,cs.IR,evaluated_on,20,2
ax028,2504.19342,2504.19342_s6,stat.ML,evaluated_on,40,4
ax029,2504.16352,2504.16352_s6,cs.IR,outperforms,39,2
ax030,2604.23380,2604.23380_s7,cs.LG,achieves_result,36,3
ax031,2501.00752,2501.00752_s9,cs.CV,evaluated_on,22,3
ax032,2501.19314,2501.19314_s6,cs.CL,outperforms,15,2
ax033,2505.01695,2505.01695_s3,cs.IR,filler:evaluated_on,31,3
ax034,2509.02492,2509.02492_s5,cs.CL,applied_to_task,32,2
ax035,2606.02806,2606.02806_s0,cs.CL,applied_to_task,32,5
ax036,2505.21468,2505.21468_s2,cs.LG,outperforms,48,3
ax037,2502.16542,2502.16542_s3,stat.ML,builds_on,25,2
ax038,2603.26033,2603.26033_s4,cs.CV,uses_component,50,2
ax039,2512.17277,2512.17277_s6,cs.IR,none,28,2
ax040,2504.19464,2504.19464_s4,stat.ML,applied_to_task,32,2
ax041,2507.05006,2507.05006_s6,cs.IR,none,32,2
ax042,2502.01220,2502.01220_s4,cs.CL,achieves_result,33,2
ax043,2606.07090,2606.07090_s1,cs.CV,evaluated_on,44,2
ax044,2502.15542,2502.15542_s3,cs.IR,applied_to_task,49,2
ax045,2510.09719,2510.09719_s6,cs.LG,builds_on,40,3
ax046,2604.23385,2604.23385_s6,cs.LG,outperforms,37,2
ax047,2508.07223,2508.07223_s6,cs.IR,none,29,2
ax048,2602.19339,2602.19339_s3,cs.IR,evaluated_on,45,2
ax049,2605.00499,2605.00499_s4,cs.IR,uses_component,20,3
ax050,2511.00010,2511.00010_s5,cs.CL,evaluated_on,19,2
ax051,2501.00758,2501.00758_s7,cs.CV,achieves_result,31,4
ax052,2508.13009,2508.13009_s3,cs.CV,none,32,2
ax053,2505.18557,2505.18557_s1,cs.CL,none,22,2
ax054,2512.04356,2512.04356_s3,cs.CV,applied_to_task,36,3
ax055,2501.07063,2501.07063_s1,cs.IR,builds_on,29,4
ax056,2602.17876,2602.17876_s1,stat.ML,none,32,3
ax057,2510.16765,2510.16765_s4,cs.CV,none,42,3
ax058,2604.07810,2604.07810_s1,stat.ML,builds_on,36,5
ax059,2507.19980,2507.19980_s0,cs.CL,none,27,4
ax060,2601.20439,2601.20439_s5,cs.CL,outperforms,41,5
ax061,2504.19684,2504.19684_s5,cs.CV,achieves_result,39,7
ax062,2609.12541,2609.12541_s4,cs.CL,none,21,2
ax063,2511.05452,2511.05452_s2,stat.ML,filler:none,27,3
ax064,2509.02499,2509.02499_s8,cs.CL,achieves_result,15,3
ax065,2512.16233,2512.16233_s3,stat.ML,outperforms,17,2
ax066,2506.16773,2506.16773_s1,cs.CV,builds_on,21,4
ax067,2509.18047,2509.18047_s0,stat.ML,uses_component,47,3
ax068,2508.21589,2508.21589_s2,cs.CL,uses_component,33,4
ax069,2601.15363,2601.15363_s4,stat.ML,outperforms,26,3
ax070,2502.16816,2502.16816_s0,stat.ML,evaluated_on,23,2
ax071,2504.17814,2504.17814_s9,cs.IR,uses_component,27,2
ax072,2602.02786,2602.02786_s4,cs.LG,evaluated_on,29,2
ax073,2608.24295,2608.24295_s6,cs.IR,none,50,8
ax074,2607.27789,2607.27789_s8,cs.IR,achieves_result,32,6
ax075,2509.18013,2509.18013_s3,stat.ML,filler:none,26,3
ax076,2502.15623,2502.15623_s5,cs.IR,outperforms,32,3
ax077,2510.14629,2510.14629_s0,cs.IR,applied_to_task,28,2
ax078,2508.17256,2508.17256_s1,cs.LG,none,33,4
ax079,2606.27058,2606.27058_s7,cs.IR,achieves_result,45,5
ax080,2607.20696,2607.20696_s3,cs.LG,none,24,2
ax081,2605.14257,2605.14257_s0,cs.CL,outperforms,46,5
ax082,2502.09020,2502.09020_s9,cs.CV,applied_to_task,31,3
ax083,2606.00413,2606.00413_s3,stat.ML,none,21,3
ax084,2509.22020,2509.22020_s2,cs.LG,uses_component,20,3
ax085,2512.04358,2512.04358_s0,cs.CV,builds_on,24,3
ax086,2605.03098,2605.03098_s2,cs.CV,applied_to_task,32,3
ax087,2512.20668,2512.20668_s6,cs.LG,outperforms,26,2
ax088,2503.17538,2503.17538_s1,stat.ML,none,29,2
ax089,2608.24176,2608.24176_s9,cs.IR,builds_on,20,3
ax090,2510.09079,2510.09079_s1,cs.LG,applied_to_task,38,4
ax091,2604.15065,2604.15065_s1,cs.CV,none,43,4
ax092,2508.21587,2508.21587_s2,cs.CL,none,38,2
ax093,2608.28245,2608.28245_s0,stat.ML,builds_on,21,3
ax094,2503.23621,2503.23621_s7,cs.LG,none,38,3
ax095,2505.20904,2505.20904_s2,cs.CV,builds_on,38,2
ax096,2607.00341,2607.00341_s10,cs.CL,applied_to_task,36,3
ax097,2510.14330,2510.14330_s2,cs.IR,builds_on,19,2
ax098,2512.12167,2512.12167_s0,cs.CL,builds_on,26,2
ax099,2510.08465,2510.08465_s6,stat.ML,outperforms,30,2
ax100,2606.00012,2606.00012_s2,cs.CL,builds_on,28,2
